City_ID,City,Country,Lat,Lng,Max Temp,Humidity,Cloudiness,Wind Speed,Current Description
0,Skjervoy,NO,70.0311,20.9714,29.52,67,100,5.19,light snow
1,Ancud,CL,-41.8697,-73.8203,62.13,89,21,2.95,few clouds
2,Tuktoyaktuk,CA,69.4541,-133.0374,-14.8,70,90,18.41,light snow
3,Carutapera,BR,-1.195,-46.02,79.27,81,100,7.0,overcast clouds
4,Vila Franca Do Campo,PT,37.7167,-25.4333,59.41,83,100,9.71,overcast clouds
5,Hithadhoo,MV,-0.6,73.0833,82.6,74,100,7.36,overcast clouds
6,Alofi,NU,-19.0595,-169.9187,84.09,61,18,18.41,few clouds
7,Valle De Allende,MX,26.9333,-105.4,49.48,69,5,8.46,clear sky
8,Cabo San Lucas,MX,22.8909,-109.9124,74.14,73,40,8.05,scattered clouds
9,Saldanha,ZA,-33.0117,17.9442,60.85,77,85,4.68,overcast clouds
10,Jamestown,US,42.097,-79.2353,26.29,81,46,1.01,scattered clouds
11,Lompoc,US,34.6391,-120.4579,55.54,81,20,4.0,few clouds
12,Butaritari,KI,3.0707,172.7902,82.45,74,99,15.77,overcast clouds
13,Roma,US,43.2128,-75.4557,26.46,84,1,0.0,clear sky
14,Dikson,RU,73.5069,80.5464,-29.58,99,85,2.68,overcast clouds
15,Norman Wells,CA,65.282,-126.8329,1.44,78,90,4.61,light snow
16,Mataura,NZ,-46.1927,168.8643,73.47,46,97,13.96,light rain
17,Luwuk,ID,-0.9516,122.7875,85.51,70,98,1.05,overcast clouds
18,Sept-Iles,CA,50.2001,-66.3821,14.05,73,75,1.99,broken clouds
19,Nyurba,RU,63.2842,118.3319,-29.58,96,100,7.05,overcast clouds
20,Nanortalik,GL,60.1432,-45.2371,40.05,70,100,27.36,overcast clouds
21,Ocos,GT,14.5094,-92.1933,83.32,76,0,9.08,clear sky
22,Leningradskiy,RU,69.3833,178.4167,0.99,93,100,6.93,light snow
23,Thompson,CA,55.7435,-97.8558,-7.44,77,75,6.91,light snow
24,Havre-Saint-Pierre,CA,50.2334,-63.5986,18.19,67,90,2.3,overcast clouds
25,Ballina,AU,-28.8667,153.5667,89.78,57,96,5.75,overcast clouds
26,Saskylakh,RU,71.9167,114.0833,-9.18,98,100,10.4,overcast clouds
27,Maniitsoq,GL,65.4167,-52.9,38.71,59,100,23.89,overcast clouds
28,Kapaa,US,22.0752,-159.319,80.58,74,40,4.0,light rain
29,Cayenne,GF,4.9333,-52.3333,81.09,83,0,1.99,clear sky
30,Beira,MZ,-19.8436,34.8389,75.25,78,70,8.23,broken clouds
31,Liku,ID,-0.7275,119.8922,82.81,77,97,1.28,overcast clouds
32,Blora,ID,-6.9698,111.4186,76.21,92,100,5.19,overcast clouds
33,Albany,US,42.6001,-73.9662,25.27,74,10,13.0,clear sky
34,Mildura,AU,-34.2,142.15,72.07,26,5,9.22,clear sky
35,Fort Nelson,CA,58.8053,-122.7002,4.77,96,100,0.72,light snow
36,Ponta Do Sol,PT,32.6667,-17.1,69.01,93,100,20.42,overcast clouds
37,Khatanga,RU,71.9667,102.5,-11.4,97,100,11.68,overcast clouds
38,Plettenberg Bay,ZA,-34.0527,23.3716,64.06,94,100,6.53,overcast clouds
39,Waynesboro,US,38.0685,-78.8895,34.99,67,1,4.61,clear sky
40,Chokurdakh,RU,70.6333,147.9167,-3.87,98,100,13.73,light snow
41,Bluff,NZ,-46.6,168.3333,73.8,67,98,18.25,overcast clouds
42,Kangaatsiaq,GL,68.3065,-53.4641,24.03,79,100,14.09,overcast clouds
43,Punta Arenas,CL,-53.15,-70.9167,46.51,66,75,19.57,broken clouds
44,Vaini,TO,-21.2,-175.2,87.96,79,40,10.36,scattered clouds
45,Clyde River,CA,70.4692,-68.5914,8.83,92,100,8.05,mist
46,Upernavik,GL,72.7868,-56.1549,25.09,74,100,9.22,overcast clouds
47,Sao Felix Do Xingu,BR,-6.6447,-51.995,73.29,98,100,1.86,heavy intensity rain
48,Rikitea,PF,-23.1203,-134.9692,74.07,86,100,12.64,moderate rain
49,Tabuk,PH,17.4189,121.4443,71.64,99,100,5.14,overcast clouds
50,Lebu,CL,-37.6167,-73.65,56.97,93,24,15.61,few clouds
51,Shieli,KZ,44.1667,66.75,41.05,82,100,7.94,overcast clouds
52,Puerto Ayora,EC,-0.7393,-90.3518,70.05,91,100,6.64,overcast clouds
53,Geraldton,AU,-28.7667,114.6,79.21,41,0,10.36,clear sky
54,Severo-Kurilsk,RU,50.6789,156.125,28.81,80,86,19.01,light snow
55,Ust-Omchug,RU,61.15,149.6333,-37.32,98,97,3.38,overcast clouds
56,Manggar,ID,-2.8833,108.2667,80.83,78,100,5.73,light rain
57,Hilo,US,19.7297,-155.09,74.93,40,90,3.44,moderate rain
58,Cape Town,ZA,-33.9258,18.4232,71.11,71,0,1.01,clear sky
59,Qaanaaq,GL,77.484,-69.3632,18.86,72,100,10.22,overcast clouds
60,Kabinda,CD,-6.1333,24.4833,65.73,94,100,0.98,overcast clouds
61,Ende,ID,-8.8432,121.6623,85.86,71,100,1.68,overcast clouds
62,Kushiro,JP,42.975,144.3747,27.55,63,20,3.44,few clouds
63,Alice Springs,AU,-23.7,133.8833,85.55,23,0,14.97,clear sky
64,Diphu,IN,25.8333,93.4333,53.73,88,1,0.58,clear sky
65,Longyearbyen,SJ,78.2186,15.6401,24.64,80,75,10.36,broken clouds
66,Quatre Cocos,MU,-20.2078,57.7625,76.08,81,79,5.01,broken clouds
67,Tazovskiy,RU,67.4667,78.7,-39.69,99,53,6.11,broken clouds
68,Kalya,IN,12.9793,77.1806,58.82,93,41,6.4,scattered clouds
69,Talnakh,RU,69.4865,88.3972,-33.68,95,68,3.18,broken clouds
70,Hobart,AU,-42.8794,147.3294,67.86,45,75,19.57,broken clouds
71,Aviles,ES,43.5547,-5.9248,46.72,79,0,1.01,clear sky
72,Hermanus,ZA,-34.4187,19.2345,67.89,84,100,15.57,overcast clouds
73,Ust-Shonosha,RU,61.1531,41.343,2.75,93,100,10.22,overcast clouds
74,Tiznit,MA,29.5833,-9.5,59.04,67,4,10.09,clear sky
75,Lagoa,PT,39.05,-27.9833,58.41,80,100,26.8,overcast clouds
76,Mar Del Plata,AR,-38.0023,-57.5575,71.1,93,20,5.01,few clouds
77,Charters Towers,AU,-20.1,146.2667,89.24,34,92,9.42,overcast clouds
78,Adwa,ET,14.1646,38.8955,59.05,80,86,2.59,overcast clouds
79,Neiafu,TO,-18.65,-173.9833,86.68,74,40,12.66,scattered clouds
80,Mercedes,AR,-34.6515,-59.4307,81.18,42,0,7.83,clear sky
81,Nuuk,GL,64.1835,-51.7216,50.61,34,75,13.8,broken clouds
82,Murchison,NZ,-41.8,172.3333,72.55,45,0,7.09,clear sky
83,Petropavlovsk-Kamchatskiy,RU,53.0452,158.6483,16.39,86,90,8.95,light shower snow
84,Garwolin,PL,51.8975,21.6147,35.76,86,37,10.0,scattered clouds
85,Yellowknife,CA,62.456,-114.3525,-18.58,94,40,6.91,light snow
86,Tura,IN,25.5198,90.2201,52.65,65,0,3.49,clear sky
87,Atherton,GB,53.5237,-2.4935,42.71,98,87,3.78,overcast clouds
88,Busselton,AU,-33.65,115.3333,74.08,44,0,4.85,clear sky
89,Ushuaia,AR,-54.8,-68.3,40.66,70,40,17.27,scattered clouds
90,Port Alfred,ZA,-33.5906,26.891,66.29,91,43,11.81,scattered clouds
91,Yining,CN,29.0361,114.5636,49.53,44,1,0.72,clear sky
92,Nabire,ID,-3.3667,135.4833,85.77,64,14,3.0,few clouds
93,Viedma,AR,-40.8135,-62.9967,73.2,49,86,14.67,overcast clouds
94,Svetlyy,RU,54.675,20.1347,37.45,81,89,22.41,overcast clouds
95,Monrovia,LR,6.3005,-10.7969,79.81,82,11,6.35,moderate rain
96,Comodoro Rivadavia,AR,-45.8667,-67.5,55.26,62,0,13.8,clear sky
97,Craig,US,40.5153,-107.5464,27.36,79,1,0.0,clear sky
98,Traverse City,US,44.7631,-85.6206,32.2,72,90,6.91,overcast clouds
99,Buluang,PH,13.3068,123.3425,82.06,79,19,2.8,few clouds
100,Megion,RU,61.0296,76.1136,-23.78,87,100,14.16,overcast clouds
101,Kilindoni,TZ,-7.9139,39.6668,81.57,78,100,6.64,overcast clouds
102,Necochea,AR,-38.5473,-58.7368,61.03,90,0,6.96,clear sky
103,Broome,US,42.2506,-75.833,26.83,77,90,3.0,overcast clouds
104,Constitucion,CL,-35.3333,-72.4167,58.1,83,49,12.71,scattered clouds
105,Buala,SB,-8.145,159.5921,83.48,79,89,6.91,light rain
106,Saint-Georges,GD,12.0564,-61.7485,78.48,83,40,19.57,scattered clouds
107,Kribi,CM,2.95,9.9167,79.52,86,33,3.83,scattered clouds
108,Castro,BR,-24.7911,-50.0119,58.15,81,0,8.75,clear sky
109,Kulhudhuffushi,MV,6.6221,73.07,81.19,74,17,7.96,few clouds
110,Faanui,PF,-16.4833,-151.75,79.83,76,29,8.93,light rain
111,Airai,TL,-8.9266,125.4092,69.13,79,100,0.54,overcast clouds
112,San Quintin,MX,30.4833,-115.95,57.76,60,0,4.68,clear sky
113,Batagay-Alyta,RU,67.8006,130.4114,-26.48,99,100,1.66,overcast clouds
114,Paamiut,GL,61.994,-49.6678,45.0,45,100,27.31,overcast clouds
115,Fortuna,US,40.5982,-124.1573,55.74,84,40,3.0,scattered clouds
116,Provideniya,RU,64.3833,-173.3,32.36,100,90,20.13,light rain and snow
117,Ilulissat,GL,69.2167,-51.1,39.22,45,100,25.32,overcast clouds
118,Ponta Delgada,PT,37.7333,-25.6667,59.72,82,40,10.36,scattered clouds
119,Atuona,PF,-9.8,-139.0333,78.13,72,7,13.65,clear sky
120,Merauke,ID,-8.4667,140.3333,85.39,63,100,4.65,overcast clouds
121,Kanniyakumari,IN,8.0833,77.5667,75.2,73,29,20.51,scattered clouds
122,Tuatapere,NZ,-46.1333,167.6833,73.81,90,99,8.19,moderate rain
123,Arys,KZ,42.4252,68.795,48.42,88,0,13.18,clear sky
124,Ribeira Grande,PT,38.5167,-28.7,58.44,79,100,34.92,overcast clouds
125,Soyo,AO,-6.1349,12.3689,77.47,89,71,9.01,broken clouds
126,Kibala,TD,9.1104,18.3463,67.95,60,0,0.0,clear sky
127,Shache,CN,38.4167,77.2406,20.59,59,4,1.14,clear sky
128,Aloleng,PH,16.1307,119.7824,80.56,77,97,9.91,overcast clouds
129,Sao Filipe,CV,14.8961,-24.4956,72.82,80,100,9.46,overcast clouds
130,Sun City West,US,33.662,-112.3413,64.0,35,1,3.44,clear sky
131,Chapais,CA,49.7834,-74.8492,-0.62,100,79,1.36,broken clouds
132,Sheboygan,US,43.7333,-87.9334,32.52,73,1,5.99,clear sky
133,Victoria,HK,22.2855,114.1577,64.38,82,100,1.01,overcast clouds
134,Waterloo,CA,43.4668,-80.5164,21.83,85,1,0.0,clear sky
135,Vardo,NO,70.3705,31.1107,28.87,61,100,24.36,light snow
136,Morondava,MG,-20.2833,44.2833,78.42,74,73,5.57,broken clouds
137,Mahebourg,MU,-20.4081,57.7,75.49,83,20,5.75,few clouds
138,Ambovombe,MG,-25.1667,46.0833,67.84,77,79,12.93,broken clouds
139,Oriximina,BR,-1.7656,-55.8661,78.6,74,38,1.7,scattered clouds
140,Kerema,PG,-7.9631,145.7785,83.59,69,100,5.39,overcast clouds
141,Tasiilaq,GL,65.6145,-37.6368,30.36,65,90,9.91,overcast clouds
142,Frontera,MX,26.9333,-101.45,38.95,100,90,0.0,overcast clouds
143,Bengkulu,ID,-3.8004,102.2655,76.82,86,100,5.88,overcast clouds
144,Altay,CN,47.8667,88.1167,21.31,63,100,5.19,overcast clouds
145,Presidencia Roque Saenz Pena,AR,-26.7852,-60.4388,89.29,39,80,6.42,broken clouds
146,Adrar,MR,20.5022,-10.0711,70.25,32,100,12.24,overcast clouds
147,Katsuura,JP,35.1333,140.3,46.51,52,0,6.96,clear sky
148,Dongsheng,CN,39.8161,109.9776,22.46,43,0,11.88,clear sky
149,Aykhal,RU,66.0,111.5,-20.42,98,100,8.01,overcast clouds
150,Ambilobe,MG,-13.2,49.05,76.28,93,90,0.13,light rain
151,Coquimbo,CL,-29.9533,-71.3436,60.53,88,90,6.91,overcast clouds
152,Anadyr,RU,64.75,177.4833,0.1,78,40,13.42,scattered clouds
153,Sunrise Manor,US,36.2111,-115.0731,50.99,35,1,6.91,clear sky
154,Burnie,AU,-41.0667,145.9167,58.95,91,100,22.82,overcast clouds
155,Odoyev,RU,53.9393,36.6864,18.97,93,96,10.85,overcast clouds
156,Erdenet,MN,49.0333,104.0833,6.13,85,7,1.79,clear sky
157,Lasa,IT,46.6166,10.7002,38.28,54,7,7.09,clear sky
158,Cabra,ES,37.4725,-4.4421,50.4,74,100,5.35,overcast clouds
159,Kiruna,SE,67.8557,20.2251,0.52,92,40,2.3,scattered clouds
160,Mitu,CO,1.1983,-70.1733,73.44,99,86,2.53,overcast clouds
161,Fairbanks,US,64.8378,-147.7164,20.61,89,90,4.61,snow
162,Huilong,CN,31.8111,121.655,48.97,51,12,8.61,few clouds
163,Opuwo,NA,-18.0607,13.84,68.52,38,80,4.9,broken clouds
164,Roebourne,AU,-20.7833,117.1333,93.33,46,6,22.55,clear sky
165,Lubango,AO,-14.9172,13.4925,60.35,84,57,3.96,broken clouds
166,San Ramon,US,37.7799,-121.978,50.49,87,90,1.01,mist
167,Locri,IT,38.2414,16.2623,57.24,80,93,13.04,overcast clouds
168,Cidreira,BR,-30.1811,-50.2056,70.92,79,0,24.49,clear sky
169,Jinxiang,CN,27.4327,120.6062,51.71,59,83,3.62,broken clouds
170,Copiapo,CL,-27.3667,-70.3333,56.89,74,100,3.38,overcast clouds
171,Nikolskoye,RU,59.7035,30.7861,22.89,91,100,11.45,light snow
172,Pisco,PE,-13.7,-76.2167,67.01,88,0,8.05,clear sky
173,La Romana,DO,18.4273,-68.9728,78.53,94,75,4.61,broken clouds
174,Kurchum,KZ,48.5722,83.6542,19.33,92,100,3.91,snow
175,Hasaki,JP,35.7333,140.8333,46.29,45,0,8.75,clear sky
176,Bilma,NE,18.6853,12.9164,57.49,33,0,13.67,clear sky
177,Rong Kwang,TH,18.339,100.3174,66.56,76,6,2.04,clear sky
178,Tilichiki,RU,60.4667,166.1,-17.7,97,57,4.92,broken clouds
179,Kendari,ID,-3.945,122.4989,85.8,69,100,3.24,overcast clouds
180,Te Anau,NZ,-45.4167,167.7167,60.87,95,100,10.13,moderate rain
181,Palora,EC,-1.7,-77.9333,68.07,97,100,1.72,light rain
182,Rio Gallegos,AR,-51.6226,-69.2181,51.85,37,75,25.32,broken clouds
183,Pinawa,CA,50.1489,-95.8811,12.06,83,72,14.07,broken clouds
184,Hamilton,US,39.1834,-84.5333,36.23,78,90,3.44,overcast clouds
185,Pangnirtung,CA,66.1451,-65.7125,14.0,79,90,8.05,snow
186,Zamora,EC,-4.0692,-78.9567,69.28,99,100,3.36,light rain
187,Vredendal,ZA,-31.6683,18.5012,65.91,75,0,5.59,clear sky
188,Saint-Philippe,RE,-21.3585,55.7679,77.49,85,43,8.16,light rain
189,Bethel,US,41.3712,-73.414,30.18,68,1,3.0,clear sky
190,Strezhevoy,RU,60.7333,77.5889,-23.82,86,100,10.36,overcast clouds
191,Iquitos,PE,-3.7481,-73.2472,78.84,89,20,1.14,few clouds
192,Avarua,CK,-21.2078,-159.775,82.45,69,40,9.22,scattered clouds
193,Ban Mo,TH,14.6154,100.7273,68.43,64,26,7.63,scattered clouds
194,Kez,RU,57.8979,53.7152,7.68,97,100,4.68,overcast clouds
195,Sabya,SA,17.1495,42.6254,76.62,82,50,2.95,scattered clouds
196,Kamaishi,JP,39.2667,141.8833,29.35,52,24,10.54,few clouds
197,Carnarvon,AU,-24.8667,113.6333,82.47,51,0,14.97,clear sky
198,Mattru,SL,7.6244,-11.8332,76.21,89,40,2.66,scattered clouds
199,Barrow,US,71.2906,-156.7887,6.82,78,90,32.21,heavy snow
200,Lorengau,PG,-2.0226,147.2712,83.93,80,100,13.13,overcast clouds
201,Roald,NO,62.5833,6.1333,41.14,75,75,4.61,broken clouds
202,Golden,US,39.7555,-105.2211,49.14,19,75,1.99,broken clouds
203,Rio Grande,BR,-32.035,-52.0986,69.94,78,0,18.77,clear sky
204,Colquiri,BO,-17.4167,-67.1333,38.57,84,100,3.65,overcast clouds
205,Kodiak,US,57.79,-152.4072,32.99,82,44,5.97,scattered clouds
206,Vestmannaeyjar,IS,63.4427,-20.2734,45.41,86,100,6.49,overcast clouds
207,Srednekolymsk,RU,67.45,153.6833,-31.72,96,100,21.47,overcast clouds
208,Saint-Pierre,RE,-21.3393,55.4781,77.58,82,90,4.61,moderate rain
209,Jasper,US,37.2001,-94.3502,33.22,77,1,3.44,clear sky
210,Sabha,LY,27.0377,14.4283,44.71,46,0,7.14,clear sky
211,New Norfolk,AU,-42.7826,147.0587,67.5,81,100,15.82,overcast clouds
212,Bodden Town,KY,19.2833,-81.25,79.93,87,20,1.01,few clouds
213,Arraial Do Cabo,BR,-22.9661,-42.0278,73.0,78,62,11.36,broken clouds
214,Nador,MA,35.174,-2.9287,55.65,88,20,2.3,few clouds
215,Sambava,MG,-14.2667,50.1667,74.3,93,52,4.43,broken clouds
216,Bambous Virieux,MU,-20.3428,57.7575,75.45,83,20,5.75,few clouds
217,Marsh Harbour,BS,26.5412,-77.0636,77.25,82,0,10.96,clear sky
218,Tiksi,RU,71.6872,128.8694,-14.17,99,100,5.14,overcast clouds
219,Payo,ID,-3.7508,103.6372,75.85,92,98,1.07,overcast clouds
220,La Asuncion,VE,11.0333,-63.8628,78.53,89,87,11.5,overcast clouds
221,Saint George,US,37.1041,-113.5841,44.94,47,1,4.0,clear sky
222,Flagstaff,US,35.1981,-111.6513,40.66,60,1,1.01,clear sky
223,Yerbogachen,RU,61.2767,108.0108,-36.26,98,95,3.47,overcast clouds
224,Natal,BR,-5.795,-35.2094,81.25,83,20,9.22,few clouds
225,Banda Aceh,ID,5.5577,95.3222,76.59,94,100,13.18,overcast clouds
226,Amuntai,ID,-2.4177,115.2494,79.39,90,100,1.36,overcast clouds
227,Fasa,IR,28.9383,53.6482,42.04,81,100,0.0,overcast clouds
228,Crossville,US,35.949,-85.0269,35.49,82,90,5.01,overcast clouds
229,Atasu,KZ,48.6814,71.6433,27.32,97,100,7.67,overcast clouds
230,Urdoma,RU,61.7533,48.5442,5.86,94,100,7.63,overcast clouds
231,Ngunguru,NZ,-35.6167,174.5,68.13,67,1,12.93,clear sky
232,Raudeberg,NO,61.9875,5.1352,38.86,92,94,1.99,overcast clouds
233,Waddan,LY,29.1614,16.139,45.23,62,0,4.79,clear sky
234,Pishin,PK,30.5803,66.9961,43.79,24,2,1.92,clear sky
235,Donskoye,RU,45.4552,41.9741,35.73,73,100,7.85,light rain
236,Abeche,TD,13.8292,20.8324,66.47,28,0,7.83,clear sky
237,Laguna,US,38.421,-121.4238,47.25,84,90,0.0,overcast clouds
238,Lavrentiya,RU,65.5833,-171.0,33.26,98,100,18.9,snow
239,Lufilufi,WS,-13.8745,-171.5986,83.98,73,30,16.64,light rain
240,Lakes Entrance,AU,-37.8811,147.981,78.57,40,0,7.72,clear sky
241,Mareeba,AU,-17.0,145.4333,92.44,44,100,4.99,overcast clouds
242,Nome,US,64.5011,-165.4064,34.16,93,90,21.85,light snow
243,Kachug,RU,53.9606,105.8817,-23.98,99,29,2.33,scattered clouds
244,Vao,NC,-22.6667,167.4833,77.23,86,100,13.58,overcast clouds
245,Bredasdorp,ZA,-34.5322,20.0403,66.27,82,100,12.66,overcast clouds
246,Dudinka,RU,69.4058,86.1778,-45.63,100,66,1.23,broken clouds
247,Playas,EC,-2.6333,-80.3833,72.5,89,100,6.8,light rain
248,Lata,PT,40.1629,-8.3327,59.07,63,100,10.04,overcast clouds
249,Cardonal,MX,20.6,-99.1333,54.18,90,100,3.98,overcast clouds
250,Zhangye,CN,38.9342,100.4517,25.02,35,0,9.17,clear sky
251,Ugoofaaru,MV,5.6667,73.0,82.04,73,66,14.92,broken clouds
252,Yulara,AU,-25.2406,130.9889,87.64,20,0,14.97,clear sky
253,Port Augusta,AU,-32.5,137.7667,76.71,40,0,11.74,clear sky
254,Wilkie,CA,52.4168,-108.7014,-0.11,84,71,14.43,broken clouds
255,Nhulunbuy,AU,-12.2333,136.7667,92.01,55,40,11.5,light rain
256,Izhevskoye,RU,54.5567,40.8703,26.42,93,97,9.93,overcast clouds
257,Kainantu,PG,-6.2887,145.8655,75.27,59,99,0.07,overcast clouds
258,Linda,US,39.1277,-121.5508,48.09,78,1,0.0,clear sky
259,Omsukchan,RU,62.5333,155.8,-39.91,98,32,3.47,scattered clouds
260,Gravdal,NO,68.1214,13.5031,37.69,58,73,15.57,broken clouds
261,Chuy,UY,-33.6971,-53.4616,67.1,84,0,11.25,clear sky
262,Praia,CV,14.9215,-23.5087,72.14,83,75,10.36,broken clouds
263,East London,ZA,-33.0153,27.9116,67.14,85,22,13.24,few clouds
264,Kudahuvadhoo,MV,2.6708,72.8944,81.16,80,100,15.21,overcast clouds
265,Los Llanos De Aridane,ES,28.6585,-17.9182,62.35,86,0,3.0,clear sky
266,Isetskoye,RU,56.4858,65.3226,22.03,95,100,8.14,light snow
267,Namtsy,RU,62.7161,129.6658,-43.49,95,100,4.5,overcast clouds
268,Owando,CG,-0.4819,15.8999,74.46,84,100,1.12,overcast clouds
269,Zhuhai,CN,22.2769,113.5678,64.11,63,40,10.36,scattered clouds
270,Port Blair,IN,11.6667,92.75,79.23,76,65,6.13,broken clouds
271,Olafsvik,IS,64.8945,-23.7142,41.41,80,100,2.35,overcast clouds
272,Santa Isabel Do Rio Negro,BR,-0.4139,-65.0192,75.15,97,100,2.06,light rain
273,Camalu,MX,30.85,-116.0667,53.42,56,0,3.18,clear sky
274,Rawson,AR,-43.3002,-65.1023,58.15,71,4,24.16,clear sky
275,San Jeronimo,PE,-11.9472,-75.2829,48.96,87,100,2.59,overcast clouds
276,Sisimiut,GL,66.9395,-53.6735,36.16,64,100,22.57,overcast clouds
277,Seddon,AU,-37.8068,144.8916,78.03,44,0,5.01,clear sky
278,Georgetown,MY,5.4112,100.3354,80.53,78,20,3.44,few clouds
279,Bahia Blanca,AR,-38.7196,-62.2724,77.11,40,0,11.59,clear sky
280,Pecsvarad,HU,46.1603,18.4232,33.58,70,40,17.54,scattered clouds
281,Ulladulla,AU,-35.35,150.4667,79.88,46,6,7.96,clear sky
282,Perry,US,37.2506,-83.1999,36.73,86,15,4.68,few clouds
283,Tual,ID,-5.6667,132.75,84.2,69,89,1.81,overcast clouds
284,Pevek,RU,69.7008,170.3133,-12.23,96,100,21.83,light snow
285,Long Xuyen,VN,10.3833,105.4167,73.35,65,100,10.92,overcast clouds
286,Flinders,AU,-34.5833,150.8552,84.79,70,12,8.48,few clouds
287,Okoneshnikovo,RU,54.8377,75.0834,7.38,99,98,0.98,overcast clouds
288,Vanimo,PG,-2.6741,141.3028,84.4,68,93,6.82,moderate rain
289,Krasnoarmeysk,RU,51.0239,45.6969,32.07,96,100,21.16,light snow
290,Bilibino,RU,68.0546,166.4372,-25.98,100,100,7.09,light snow
291,Soe,ID,-9.8607,124.284,78.22,66,99,2.08,overcast clouds
292,Salalah,OM,17.0151,54.0924,71.69,73,0,6.91,clear sky
293,Berlevag,NO,70.8578,29.0864,28.89,62,100,19.98,light snow
294,North Bend,US,43.4065,-124.2243,53.08,100,90,6.91,mist
295,Cap-Aux-Meules,CA,47.3821,-61.8597,26.65,68,75,13.8,broken clouds
296,Ostrovnoy,RU,68.0531,39.5131,20.21,84,100,18.05,light snow
297,Ketchikan,US,55.3422,-131.6461,27.07,80,1,8.05,clear sky
298,Loreto,MX,22.2667,-101.9667,54.05,74,100,3.06,overcast clouds
299,Isagarh,IN,24.8333,77.8833,46.87,31,0,1.25,clear sky
300,Bathsheba,BB,13.2167,-59.5167,79.41,73,20,25.32,few clouds
301,Khora,GR,37.05,21.7167,40.12,66,7,5.08,clear sky
302,Kargopol,RU,61.5071,38.9456,-2.51,93,100,10.54,overcast clouds
303,Prosotsani,GR,41.1833,23.9667,39.49,83,9,3.53,clear sky
304,Bauchi,NG,10.5,10.0,57.04,34,2,4.52,clear sky
305,Novikovo,RU,51.1537,37.8879,27.9,92,79,10.94,broken clouds
306,Los Algarrobos,PA,8.5,-82.4333,75.61,100,75,2.3,broken clouds
307,Sibolga,ID,1.7427,98.7792,79.38,78,100,1.39,overcast clouds
308,Buzmeyin,TM,38.0507,58.2056,44.33,70,0,4.61,clear sky
309,Kondinskoye,RU,59.6481,67.41,10.4,94,100,13.8,light snow
310,Sovetsk,RU,55.0839,21.8785,35.28,78,99,12.8,overcast clouds
311,Hami,CN,42.8,93.45,23.23,52,0,0.81,clear sky
312,Asau,RO,46.4333,26.4,38.32,89,70,3.0,broken clouds
313,Puerto Escondido,MX,15.85,-97.0667,81.43,65,75,6.91,broken clouds
314,Brigantine,US,39.4101,-74.3646,35.02,66,1,8.05,clear sky
315,Vila,PT,42.0304,-8.1588,43.7,73,100,5.57,overcast clouds
316,Hornepayne,CA,49.2138,-84.7705,25.86,82,100,15.14,overcast clouds
317,Menzelinsk,RU,55.7271,53.1026,24.04,93,100,13.11,overcast clouds
318,Maine-Soroa,NE,13.2114,12.0241,60.93,26,66,10.22,broken clouds
319,Mstera,RU,56.3789,41.92,23.74,96,100,8.05,light snow
320,Pakala,IN,13.4667,79.1167,66.61,85,1,2.48,clear sky
321,Road Town,VG,18.4167,-64.6167,78.89,78,20,13.8,few clouds
322,Loukhi,RU,66.0764,33.0381,5.99,93,96,9.53,overcast clouds
323,Alta Floresta,BR,-9.8756,-56.0861,72.36,98,100,2.66,overcast clouds
324,Harnosand,SE,62.6323,17.9379,30.0,73,80,14.76,light snow
325,Cabedelo,BR,-6.9811,-34.8339,81.27,78,42,9.95,light rain
326,Waingapu,ID,-9.6567,120.2641,86.36,63,94,6.89,overcast clouds
327,Korla,CN,41.7597,86.1469,20.71,60,33,1.63,scattered clouds
328,Lyubim,RU,58.3625,40.6843,14.68,92,100,11.88,light snow
329,Sur,OM,22.5667,59.5289,67.84,68,69,3.8,broken clouds
330,Colesberg,ZA,-30.72,25.0972,58.75,81,100,5.28,overcast clouds
331,Moissac,FR,44.1024,1.0945,43.48,90,5,2.59,clear sky
332,Olinda,BR,-8.0089,-34.8553,82.13,74,75,8.05,broken clouds
333,Lipari,IT,38.4674,14.954,57.22,68,99,17.16,overcast clouds
334,Antofagasta,CL,-23.65,-70.4,64.13,83,96,3.76,overcast clouds
335,La Ronge,CA,55.1001,-105.2842,-9.15,70,90,11.5,light snow
336,Torbay,CA,47.6666,-52.7314,24.28,77,90,6.91,overcast clouds
337,Umm Kaddadah,SD,13.6017,26.6876,60.26,27,3,14.72,clear sky
338,Chumikan,RU,54.7183,135.315,-7.96,85,100,9.91,overcast clouds
339,Cairns,AU,-16.9167,145.7667,97.07,50,88,9.22,overcast clouds
340,Bajil,YE,15.0584,43.2851,74.23,75,46,2.68,scattered clouds
341,Kavieng,PG,-2.5744,150.7967,82.71,75,98,2.48,moderate rain
342,Murindo,CO,6.9848,-76.7544,73.87,98,84,2.73,broken clouds
343,Andros Town,BS,24.7,-77.7667,76.96,75,8,8.1,clear sky
344,Wuwei,CN,37.9281,102.6414,31.69,36,0,4.81,clear sky
345,Banjarmasin,ID,-3.3244,114.591,78.94,84,98,2.84,light rain
346,Samarai,PG,-10.6167,150.6667,83.61,71,100,8.14,overcast clouds
347,Brae,GB,60.3964,-1.353,39.11,68,100,5.39,overcast clouds
348,Kyaikkami,MM,16.08,97.5675,73.58,66,2,7.9,clear sky
349,Mount Isa,AU,-20.7333,139.5,87.57,48,0,5.75,clear sky
350,Bandarbeyla,SO,9.4942,50.8122,77.0,77,43,13.58,scattered clouds
351,Dukat,RU,62.55,155.55,-38.11,99,29,3.8,scattered clouds
352,Portland,US,45.5234,-122.6762,41.9,95,90,1.01,moderate rain
353,Kaitangata,NZ,-46.2817,169.8464,72.91,44,100,10.2,overcast clouds
354,Palmer,US,42.1584,-72.3287,28.08,64,1,3.0,clear sky
355,Kloulklubed,PW,7.0419,134.2556,84.7,78,95,19.89,overcast clouds
356,Wajima,JP,37.4,136.9,38.08,100,75,4.61,light intensity drizzle
357,Novoagansk,RU,61.9449,76.6625,-19.98,84,64,10.69,broken clouds
358,Buta,CD,2.7858,24.73,70.84,83,100,0.45,overcast clouds
359,Pedernales,DO,18.0384,-71.744,76.96,56,8,4.92,clear sky
360,Huarmey,PE,-10.0681,-78.1522,67.86,84,20,6.78,few clouds
361,Xai-Xai,MZ,-25.0519,33.6442,69.28,76,100,1.52,overcast clouds
362,Pirapora Do Bom Jesus,BR,-23.3969,-47.0022,68.02,90,38,7.87,scattered clouds
363,Panji,ID,-7.7253,114.0995,86.47,66,94,3.6,overcast clouds
364,Port Elizabeth,ZA,-33.918,25.5701,66.09,88,0,9.22,clear sky
365,Tokonou,GN,9.65,-9.7833,67.26,31,24,0.2,few clouds
366,Jinchang,CN,38.4953,102.1739,32.54,22,0,8.61,clear sky
367,Troina,IT,37.7854,14.5985,43.27,84,0,6.15,clear sky
368,Muros,ES,42.7762,-9.0603,54.1,89,100,9.51,overcast clouds
369,Anloga,GH,5.7947,0.8973,75.42,66,77,1.99,broken clouds
370,Palu,ID,-0.8917,119.8707,85.82,76,97,1.72,overcast clouds
371,Grindavik,IS,63.8424,-22.4338,43.27,100,90,5.75,mist
372,Mineiros,BR,-17.5694,-52.5511,70.41,94,100,2.26,overcast clouds
373,Mayor Pablo Lagerenza,PY,-19.9309,-60.7718,73.87,97,100,2.28,overcast clouds
374,Komsomolskiy,UZ,40.4272,71.7189,40.42,52,100,6.91,mist
375,Meulaboh,ID,4.1363,96.1285,76.32,87,100,3.4,moderate rain
376,Kargasok,RU,59.0556,80.8572,-10.55,87,100,10.54,overcast clouds
377,Ternate,ID,0.8,127.4,82.62,76,89,4.97,moderate rain
378,Palmas De Monte Alto,BR,-14.2672,-43.1619,71.22,91,100,2.64,overcast clouds
379,Ifakara,TZ,-8.1333,36.6833,71.69,95,21,1.1,few clouds
380,Belyy Yar,RU,53.6039,91.3903,15.85,86,40,2.24,smoke
381,Dingle,PH,10.9995,122.6711,83.53,75,36,10.22,scattered clouds
382,Nanfeng,CN,23.7434,111.7959,55.54,66,100,2.19,overcast clouds
383,General Roca,AR,-39.0333,-67.5833,81.0,19,0,8.28,clear sky
384,High Level,CA,58.5169,-117.136,5.11,85,75,0.0,light snow
385,Minab,IR,27.1467,57.0801,60.3,66,100,4.32,overcast clouds
386,Beringovskiy,RU,63.05,179.3167,3.04,88,100,9.6,overcast clouds
387,Bol,TD,13.4586,14.7147,66.96,36,12,20.47,few clouds
388,Esperance,AU,-33.8667,121.9,75.04,48,66,5.23,broken clouds
389,Tchibanga,GA,-2.85,11.0333,72.01,99,100,1.12,light rain
390,Fengcheng,CN,40.4536,124.0717,31.69,71,6,1.05,clear sky
391,Namibe,AO,-15.1961,12.1522,69.03,70,41,7.81,scattered clouds
392,Thinadhoo,MV,0.5333,72.9333,80.6,76,99,5.44,light rain
393,Egvekinot,RU,66.3167,-179.1667,-10.73,99,50,2.95,scattered clouds
394,Marau,BR,-28.4492,-52.2,71.83,63,0,3.96,clear sky
395,Labuhan,ID,-6.8844,112.2051,79.52,83,100,5.73,overcast clouds
396,Kasongo-Lunda,CD,-6.4667,16.8167,70.79,97,100,0.34,moderate rain
397,Nushki,PK,29.5542,66.0215,50.07,36,1,2.24,clear sky
398,Sao Joao Da Barra,BR,-21.6403,-41.0511,72.91,83,100,9.33,overcast clouds
399,Arona,ES,28.0996,-16.681,65.14,90,20,6.91,few clouds
400,Am Timan,TD,11.0297,20.2827,71.2,30,0,5.66,clear sky
401,Manubul,PH,5.4732,120.7986,83.19,77,100,15.57,overcast clouds
402,Port Hawkesbury,CA,45.6169,-61.3485,30.15,80,90,1.99,overcast clouds
403,Manaus,BR,-3.1019,-60.025,79.3,94,40,3.44,scattered clouds
404,Swan Hill,AU,-35.3378,143.5544,76.87,24,0,8.84,clear sky
405,Yazman,PK,29.1212,71.7446,53.49,14,2,4.7,clear sky
406,Novocheremshansk,RU,54.3571,50.1666,26.65,95,100,16.02,light snow
407,Craigieburn,AU,-37.6,144.95,76.14,46,0,16.11,clear sky
408,Warrnambool,AU,-38.3833,142.4833,66.81,60,71,23.6,broken clouds
409,Illela,NG,13.7292,5.2975,63.5,18,0,14.0,clear sky
410,Terrace,CA,54.5163,-128.6035,15.42,67,75,29.93,broken clouds
411,Udachnyy,RU,66.4167,112.4,-17.01,98,100,6.35,overcast clouds
412,Canoinhas,BR,-26.1772,-50.39,60.67,83,11,4.41,few clouds
413,Arlit,NE,18.7369,7.3853,57.4,26,0,4.65,clear sky
414,Bereda,ES,43.2686,-7.5406,47.95,92,86,1.21,overcast clouds
415,Mount Gambier,AU,-37.8333,140.7667,69.71,49,40,24.16,scattered clouds
416,Betioky,MG,-23.7167,44.3833,65.71,78,99,10.65,overcast clouds
417,Namatanai,PG,-3.6667,152.4333,79.3,85,100,4.25,light rain
418,Husavik,IS,66.0449,-17.3389,42.71,86,100,8.23,overcast clouds
419,Chicama,PE,-7.8447,-79.1469,63.14,80,100,5.77,overcast clouds
420,Fayaoue,NC,-20.65,166.5333,80.53,81,94,12.66,overcast clouds
421,Bor,RU,56.3567,44.0669,26.53,96,100,9.26,overcast clouds
422,Salinopolis,BR,-0.6136,-47.3561,79.79,85,100,10.67,overcast clouds
423,Salinas,US,36.6777,-121.6555,53.69,75,1,6.91,clear sky
424,Verkhoshizhemye,RU,58.011,49.1038,18.14,94,100,9.15,light snow
425,Amazar,RU,53.858,120.875,-4.27,91,100,6.46,light snow
426,Forio,IT,40.7342,13.8646,53.33,61,0,15.5,clear sky
427,Taoudenni,ML,22.6783,-3.9836,74.08,20,100,9.64,overcast clouds
428,Pocone,BR,-16.2567,-56.6228,75.25,94,90,3.89,overcast clouds
429,Uruzgan,AF,32.8333,66.0,41.41,61,75,5.53,broken clouds
430,Visby,SE,57.6409,18.296,34.02,80,90,27.63,light snow
431,Ambon,ID,-3.6954,128.1814,91.54,55,20,4.61,few clouds
432,Kawalu,ID,-7.3817,108.2082,77.61,88,100,0.96,light rain
433,Sokolo,ML,14.7328,-6.1219,72.63,14,55,11.88,broken clouds
434,Tulun,RU,54.5611,100.5792,-18.2,100,61,1.81,broken clouds
435,Radis,TN,36.7681,10.2753,46.31,93,40,4.61,scattered clouds
436,Igrim,RU,63.1906,64.4162,-0.9,96,100,10.58,light snow
437,Clonakilty,IE,51.6231,-8.8706,45.61,83,100,17.9,overcast clouds
438,Oxford,GB,51.7522,-1.256,43.21,97,90,1.01,overcast clouds
439,Bagotville,AU,-28.9833,153.4167,89.62,62,78,5.68,broken clouds
440,Cap Malheureux,MU,-19.9842,57.6142,75.69,81,78,6.06,broken clouds
441,La Ligua,CL,-32.4524,-71.2311,56.98,83,17,2.35,few clouds
442,Gushikawa,JP,26.3544,127.8686,65.43,52,1,3.44,clear sky
443,Cherskiy,RU,68.75,161.3,-23.53,97,100,21.47,light snow
444,Kindu,CD,-2.95,25.95,70.02,98,100,0.67,overcast clouds
445,Nueva Gerona,CU,21.8833,-82.8,76.91,79,0,4.32,clear sky
446,Samaro,PK,25.2815,69.3965,57.29,18,68,4.38,broken clouds
447,Hovd,MN,48.0056,91.6419,15.57,54,100,5.95,overcast clouds
448,Slave Lake,CA,55.2834,-114.769,12.18,79,90,17.27,overcast clouds
449,Prainha,BR,-1.8,-53.48,77.07,85,100,4.85,overcast clouds
450,Nikitinskiy,RU,54.5845,86.0115,24.21,96,100,5.32,light snow
451,Calama,CL,-22.4667,-68.9333,64.89,27,75,6.91,broken clouds
452,Pringsewu,ID,-5.3582,104.9744,81.82,72,100,2.75,light rain
453,Sorong,ID,-0.8833,131.25,81.23,80,100,1.07,light rain
454,Dawlatabad,AF,36.4141,64.9053,53.87,71,100,7.07,overcast clouds
455,La Montanita,CO,1.4766,-75.4398,74.39,92,95,2.19,overcast clouds
456,Flin Flon,CA,54.7682,-101.865,2.41,93,100,10.25,overcast clouds
457,Naryan-Mar,RU,67.6713,53.087,-7.29,92,99,9.46,overcast clouds
458,Aswan,EG,24.0934,32.907,54.7,47,0,0.0,clear sky
459,Whitianga,NZ,-36.8333,175.7,74.79,49,0,7.65,clear sky
460,Boyolangu,ID,-8.1181,111.8935,78.76,86,100,3.0,overcast clouds
461,Harbin,CN,45.75,126.65,17.55,87,71,9.98,broken clouds
462,Kruisfontein,ZA,-34.0033,24.7314,63.88,93,100,7.99,overcast clouds
463,Ojinaga,MX,29.5667,-104.4167,51.57,71,1,3.44,clear sky
464,Adre,TD,13.4667,22.2,62.19,29,0,12.77,clear sky
465,Bafra,TR,41.5678,35.9069,48.31,86,59,7.52,broken clouds
466,Uyar,RU,55.81,94.3153,-19.23,100,100,5.93,overcast clouds
467,Torquay,GB,50.4638,-3.5143,43.86,96,100,10.0,overcast clouds
468,Baculin,PH,7.4525,126.5842,84.4,69,82,9.13,broken clouds
469,Bonfim,BR,3.0833,-59.95,79.39,73,99,6.96,overcast clouds
470,Huittinen,FI,61.1833,22.7,21.72,78,98,10.18,light snow
471,Monte Patria,CL,-30.6919,-70.9467,70.12,59,100,3.44,overcast clouds
472,Byron Bay,AU,-28.65,153.6167,89.71,57,100,9.01,overcast clouds
473,Gat,IL,31.61,34.7642,58.91,44,6,12.64,clear sky
474,Port-Gentil,GA,-0.7193,8.7815,80.96,79,65,4.63,broken clouds
475,Port Lincoln,AU,-34.7333,135.8667,69.51,51,21,9.13,few clouds
476,Kungurtug,RU,50.5994,97.5228,10.15,92,100,1.54,overcast clouds
477,Luganville,VU,-15.5333,167.1667,83.23,73,99,0.69,overcast clouds
478,Imbituba,BR,-28.24,-48.6703,72.82,85,1,13.38,clear sky
479,Lancaster,US,40.2504,-76.2499,32.43,68,1,1.01,clear sky
480,Fort Smith,US,35.3859,-94.3986,37.44,78,1,0.0,clear sky
481,Tocopilla,CL,-22.092,-70.1979,66.45,78,61,3.8,broken clouds
482,Kodinsk,RU,58.6881,99.1844,-37.25,99,39,1.28,scattered clouds
483,Praia Da Vitoria,PT,38.7333,-27.0667,56.75,94,20,16.22,few clouds
484,Pacific Grove,US,36.6177,-121.9166,52.52,80,10,1.99,clear sky
485,Hutchinson,US,38.0608,-97.9298,34.32,42,1,4.0,clear sky
486,Maridi,SS,4.9158,29.4742,70.99,48,97,3.36,overcast clouds
487,Dunedin,NZ,-45.8742,170.5036,73.98,43,81,20.87,broken clouds
488,Vangaindrano,MG,-23.35,47.6,70.36,83,100,6.78,light rain
489,Markdale,CA,44.3168,-80.6497,15.03,92,31,4.56,scattered clouds
490,Shar,KZ,49.5886,81.0453,22.75,89,100,9.37,overcast clouds
491,Turukhansk,RU,65.8167,87.9833,-35.54,95,6,3.22,clear sky
492,Goderich,CA,43.7501,-81.7165,26.91,74,88,6.91,overcast clouds
493,Kafanchan,NG,9.5833,8.3,63.54,34,2,7.45,clear sky
494,Sinnamary,GF,5.3833,-52.95,78.15,87,99,6.93,overcast clouds
495,Saint-Joseph,RE,-21.3667,55.6167,76.48,85,28,6.98,light rain
496,Marsa Matruh,EG,31.3525,27.2453,48.4,76,40,17.27,scattered clouds
497,Araouane,ML,18.9048,-3.5265,67.62,19,99,10.58,overcast clouds
498,Walvis Bay,NA,-22.9575,14.5053,62.1,82,93,4.61,overcast clouds
499,San Cristobal,VE,7.7669,-72.225,69.98,92,80,1.86,broken clouds
500,Sylva,RU,58.0348,56.7635,7.97,97,95,4.03,overcast clouds
501,Shenkursk,RU,62.1091,42.896,0.0,95,100,8.75,overcast clouds
502,Honningsvag,NO,70.9821,25.9704,30.85,51,100,15.32,overcast clouds
503,Postoloprty,CZ,50.3598,13.7029,40.37,88,26,10.13,scattered clouds
504,Nuevitas,CU,21.5453,-77.2644,74.64,85,0,6.26,clear sky
505,Tucupita,VE,9.0622,-62.051,72.57,99,100,3.31,overcast clouds
506,Codrington,AU,-38.2667,141.9667,73.6,43,40,22.06,scattered clouds
507,San Patricio,US,28.017,-97.5169,51.66,49,100,9.28,overcast clouds
508,Sitka,US,57.0531,-135.33,30.09,69,1,5.75,clear sky
509,Aktau,KZ,43.65,51.2,37.98,88,66,11.01,broken clouds
510,Tessalit,ML,20.1986,1.0114,64.11,22,70,10.25,broken clouds
511,Simoes,BR,-7.5989,-40.8178,80.8,49,98,3.83,overcast clouds
512,Biu,NG,10.6129,12.1946,60.71,30,2,9.82,clear sky
513,Avera,US,33.194,-82.5271,54.91,83,100,13.78,overcast clouds
514,Klaksvik,FO,62.2266,-6.589,40.12,82,100,11.18,overcast clouds
515,Wukari,NG,7.85,9.7833,72.43,31,1,7.14,clear sky
516,Suoyarvi,RU,62.0833,32.35,3.56,87,83,11.25,broken clouds
517,Glendive,US,47.1053,-104.7125,18.23,82,90,16.11,light snow
518,Taksimo,RU,56.3444,114.8794,-26.16,84,35,4.56,scattered clouds
519,Long,TH,18.0761,99.8326,74.12,67,11,2.48,few clouds
520,Pecos,US,31.4229,-103.4932,46.31,52,1,5.75,clear sky
521,Poum,NC,-20.2333,164.0167,80.4,72,2,0.92,clear sky
522,Ixtapa,MX,20.7,-105.2,76.23,83,75,2.3,broken clouds
523,Keti Bandar,PK,24.1447,67.4497,66.07,37,21,4.94,few clouds
524,Great Yarmouth,GB,52.6083,1.7305,43.45,75,100,11.83,overcast clouds
525,Vila Velha,BR,-20.3297,-40.2925,71.55,94,90,3.0,mist
526,Qaqortoq,GL,60.7167,-46.0333,38.08,57,100,21.09,overcast clouds
527,Sobolevo,RU,54.4299,31.8996,21.45,89,90,12.59,overcast clouds
528,Pangkalanbuun,ID,-2.6833,111.6167,84.0,69,100,3.89,light rain
529,Iqaluit,CA,63.7506,-68.5145,-2.47,71,75,9.22,broken clouds
530,Silvania,BR,-16.6589,-48.6081,71.56,94,12,1.45,few clouds
531,Bhongir,IN,17.5108,78.8889,62.78,56,0,4.54,clear sky
532,Matagami,CA,49.7502,-77.6328,-12.89,84,1,3.44,clear sky
533,Yagodnoye,RU,62.55,149.6667,-42.66,100,86,2.71,overcast clouds
534,Melur,IN,10.05,78.3333,73.22,79,17,7.58,few clouds
535,Polovinnoye,RU,54.7914,65.9864,26.29,91,99,12.97,overcast clouds
536,Kabare,CD,-2.4683,28.8242,60.57,94,100,1.14,overcast clouds
537,Itarema,BR,-2.9248,-39.9167,80.15,75,100,12.53,overcast clouds
538,Solnechnyy,RU,50.7214,136.6319,-1.88,80,85,3.78,overcast clouds
539,Balasheyka,RU,53.2841,48.0851,29.39,93,100,17.76,light snow
540,Kidal,ML,18.4411,1.4078,63.43,22,72,12.84,broken clouds
541,Aklavik,CA,68.2191,-135.0107,-1.37,100,99,7.52,overcast clouds
542,Kirakira,SB,-10.4544,161.9205,85.21,69,63,6.29,broken clouds
543,Najran,SA,17.4924,44.1277,54.25,37,3,1.86,clear sky
544,Port Hedland,AU,-20.3167,118.5667,93.25,62,40,26.46,scattered clouds
545,Nikel,RU,69.4128,30.222,23.18,82,100,8.37,light snow
546,Trairi,BR,-3.2778,-39.2689,79.92,76,95,10.29,overcast clouds
547,Narsaq,GL,60.9167,-46.05,38.35,54,100,17.94,overcast clouds
548,Parrita,CR,9.5201,-84.3225,82.53,87,7,1.95,clear sky
549,San Ramon De La Nueva Oran,AR,-23.1322,-64.326,89.42,48,75,2.06,broken clouds
550,Miranda,CO,3.2499,-76.2281,71.65,95,100,1.52,overcast clouds
551,Touros,BR,-5.1989,-35.4608,81.5,77,100,10.2,overcast clouds
552,Wamba,NG,8.9333,8.6,68.49,34,0,4.63,clear sky
553,Hambantota,LK,6.1241,81.1185,73.74,100,49,3.44,scattered clouds
554,Mehtar Lam,AF,34.6714,70.2094,44.13,31,51,1.36,broken clouds
555,Imeni Babushkina,RU,59.7573,43.1285,9.45,94,100,9.75,light snow
556,Ust-Tsilma,RU,65.441,52.1498,4.01,92,100,7.31,overcast clouds
557,Mackenzie,CA,55.2999,-123.1698,-7.38,84,1,0.0,clear sky
558,Nizwa,OM,22.9333,57.5333,61.38,63,19,1.74,few clouds
559,Otukpo,NG,7.1913,8.1329,72.55,32,0,3.09,clear sky
560,Kaura Namoda,NG,12.5898,6.5779,61.56,27,0,12.95,clear sky
561,Santa Cruz,BO,-17.8,-63.1667,78.26,83,75,4.61,broken clouds
562,Fairmont,US,39.4851,-80.1426,33.71,72,9,2.33,clear sky
563,Guane,CU,22.2025,-84.0875,73.2,85,16,2.73,few clouds
564,La Rioja,ES,42.25,-2.5,28.18,78,13,5.57,few clouds
565,Antalaha,MG,-14.9003,50.2788,73.76,87,58,3.24,broken clouds
566,Djenne,ML,13.9061,-4.5533,70.45,15,17,9.55,few clouds
567,Gazanjyk,TM,39.2446,55.5154,49.08,54,0,4.05,clear sky
568,Billings,US,45.7833,-108.5007,26.92,78,90,17.27,overcast clouds
569,Lahuachaca,BO,-17.3667,-67.6667,46.24,83,98,4.88,overcast clouds
570,Port Hardy,CA,50.6996,-127.4199,37.4,87,40,5.75,scattered clouds
571,Maarianhamina,AX,60.0973,19.9348,28.26,64,0,14.97,clear sky
572,Luderitz,NA,-26.6481,15.1594,58.96,83,3,3.44,clear sky
573,Richards Bay,ZA,-28.783,32.0377,68.23,78,100,5.35,overcast clouds
574,Navahrudak,BY,53.6,25.8333,29.88,93,100,13.76,overcast clouds
575,Paris,FR,48.8534,2.3488,43.77,90,90,5.99,overcast clouds
576,Isangel,VU,-19.55,169.2667,87.91,79,75,9.22,broken clouds
577,Krivodanovka,RU,55.0881,82.6551,21.29,92,90,8.99,light shower snow
578,Uzventis,LT,55.7803,22.6547,30.27,93,96,15.37,light snow
579,Mfou,CM,3.7159,11.6427,71.46,100,75,1.14,mist
580,Half Moon Bay,US,37.4636,-122.4286,52.03,82,90,1.01,overcast clouds
581,Savonlinna,FI,61.8699,28.88,13.24,79,75,12.66,light snow
582,Port Macquarie,AU,-31.4333,152.9167,88.9,56,76,7.54,broken clouds
583,Nara,JP,34.6851,135.8049,50.97,95,9,8.03,clear sky
584,Saint-Francois,FR,46.4154,3.9054,33.48,100,90,2.3,mist
585,Uptar,RU,59.75,150.9167,-8.54,71,100,6.55,overcast clouds
586,Guadalupe Victoria,MX,32.2869,-115.105,63.12,17,0,6.96,clear sky
587,Wangou,CN,42.0623,126.9127,19.87,85,45,6.17,scattered clouds
588,George,ZA,-33.963,22.4617,60.35,94,90,4.61,overcast clouds
589,Yate,GB,51.5407,-2.4184,42.76,97,100,1.01,overcast clouds
590,Eureka,US,40.8021,-124.1637,56.01,76,100,8.01,overcast clouds
591,Mitchell,US,43.7094,-98.0298,33.78,69,1,6.91,clear sky
592,Ilanskiy,RU,56.2358,96.065,-25.78,97,14,6.4,few clouds
593,Cururupu,BR,-1.8283,-44.8683,77.41,85,100,3.98,overcast clouds
594,Bousso,TD,10.4795,16.7117,69.06,27,3,9.31,clear sky
595,Bela,IN,25.9333,81.9833,46.71,44,0,5.88,clear sky
596,Naron,ES,43.5167,-8.1528,56.01,75,97,7.78,overcast clouds
597,Delijan,IR,33.9905,50.6838,45.05,76,99,4.74,overcast clouds
598,Iracoubo,GF,5.4802,-53.2011,78.12,87,93,6.67,overcast clouds
599,Padang,ID,-0.9492,100.3543,71.65,80,100,0.22,light rain
600,Lisala,CD,2.15,21.5167,73.67,81,100,1.61,overcast clouds
601,Eldorado,BR,-23.7869,-54.2836,77.09,57,3,4.61,clear sky
602,Matay,EG,28.419,30.7792,48.43,68,51,11.59,broken clouds
603,Joshimath,IN,30.5667,79.5667,36.68,27,0,10.47,clear sky
604,Svetlaya,RU,46.5389,138.3297,14.65,55,23,3.78,few clouds
605,Souillac,MU,-20.5167,57.5167,75.58,83,20,5.75,few clouds
606,Mwinilunga,ZM,-11.7358,24.4293,61.83,97,100,2.48,overcast clouds
607,Sorland,NO,67.667,12.6934,39.85,55,96,18.05,overcast clouds
608,Tarauaca,BR,-8.1614,-70.7656,74.46,99,100,2.77,light rain
609,Kavaratti,IN,10.5669,72.642,80.91,72,4,7.7,clear sky
610,Kununurra,AU,-15.7667,128.7333,89.58,66,75,8.05,broken clouds
611,Port Arthur,CN,38.8,121.2667,46.62,63,0,17.58,clear sky
612,Pundaguitan,PH,6.3711,126.1689,82.15,75,99,10.92,overcast clouds
613,Ambunti,PG,-4.2365,142.8448,83.43,74,100,4.27,overcast clouds
614,Placido De Castro,BR,-10.3353,-67.1856,73.11,99,100,2.75,moderate rain
615,Margate,GB,51.3813,1.3862,44.69,93,100,7.0,overcast clouds
616,Yeppoon,AU,-23.1333,150.7333,85.78,57,31,9.69,scattered clouds
617,Jalu,LY,29.0331,21.5482,48.27,73,34,9.4,scattered clouds
618,Porto Novo,BJ,6.4965,2.6036,76.82,64,64,4.16,broken clouds
619,Almansa,ES,38.8692,-1.0971,40.66,91,62,3.71,broken clouds
620,Dahuk,IQ,36.8695,42.994,46.26,71,39,8.57,scattered clouds
621,Satipo,PE,-11.2522,-74.6386,72.28,95,94,2.77,overcast clouds
622,Nioro,GM,13.35,-15.75,76.06,17,38,7.7,scattered clouds
623,Sechura,PE,-5.5569,-80.8222,69.89,75,99,13.15,overcast clouds
624,Samfya,ZM,-11.3649,29.5565,66.6,86,100,1.48,overcast clouds
625,Talara,PE,-4.5772,-81.2719,68.34,85,100,10.4,overcast clouds
626,Kumluca,TR,36.3703,30.2869,48.67,73,60,6.33,broken clouds
627,Chardara,KZ,41.2547,67.9692,48.74,84,1,12.71,clear sky
628,Ahipara,NZ,-35.1667,173.1667,70.7,61,38,7.23,scattered clouds
629,Soma,TR,39.1855,27.6094,37.99,91,16,1.3,few clouds
630,Aquidauana,BR,-20.4711,-55.7872,75.4,93,100,3.87,overcast clouds
631,Tarakan,ID,3.3,117.6333,78.3,89,40,2.3,scattered clouds
632,Vung Tau,VN,10.346,107.0843,76.62,76,96,3.42,overcast clouds
633,Guerrero Negro,MX,27.9769,-114.0611,59.49,53,0,9.37,clear sky
634,Lasem,ID,-6.6922,111.4527,80.01,83,100,6.51,moderate rain
635,Zmeinogorsk,RU,51.1567,82.195,27.81,85,100,14.34,overcast clouds
636,Cotonou,BJ,6.3654,2.4183,76.98,69,20,2.3,few clouds
637,Muriti,TZ,-1.9833,32.9167,69.91,77,100,1.21,light rain
638,Druzhba,UA,52.0428,33.9453,28.36,96,89,13.24,light snow
639,Hofn,IS,64.2539,-15.2082,40.26,72,100,4.34,overcast clouds
640,Epe,NG,6.5841,3.9834,71.69,54,2,4.12,clear sky
641,Kharan,PK,28.5833,65.4167,54.75,18,1,1.45,clear sky
642,Birao,CF,10.2849,22.7882,66.56,30,0,6.51,clear sky
643,Cienaga,CO,11.007,-74.2476,84.33,58,75,9.22,broken clouds
644,Kouango,CF,4.9934,19.9619,77.14,59,25,1.48,scattered clouds
645,Mujiayingzi,CN,42.1167,118.7833,29.3,44,0,8.34,clear sky
646,Caravelas,BR,-17.7125,-39.2481,73.18,93,100,6.33,overcast clouds
647,Morro Bay,US,35.3658,-120.8499,54.81,83,4,1.05,clear sky
648,North Battleford,CA,52.7834,-108.2847,1.4,71,1,18.41,clear sky
649,Naze,JP,28.3667,129.4833,61.72,48,41,3.44,scattered clouds
650,Kroya,ID,-7.6331,109.2461,81.19,80,100,5.32,light rain
651,Do Gonbadan,IR,30.3586,50.7981,57.29,94,90,4.61,overcast clouds
652,Brookhaven,US,31.5791,-90.4407,44.26,72,86,7.54,overcast clouds
653,Cockburn Town,TC,21.4612,-71.1419,79.2,78,17,18.25,few clouds
654,Okhotsk,RU,59.3833,143.3,4.28,96,100,13.44,light snow
655,Adra,ES,36.7496,-3.0206,54.37,80,85,2.19,overcast clouds
656,Savannah Bight,HN,16.45,-85.85,80.01,78,0,20.54,clear sky
657,Costa Rica,BR,-23.4167,-54.65,77.13,53,2,5.75,clear sky
658,Lalpur,IN,22.2,69.9667,61.45,23,98,8.66,overcast clouds
659,Makakilo City,US,21.3469,-158.0858,80.92,62,1,11.5,clear sky
660,Ostersund,SE,63.1792,14.6357,32.45,100,75,8.05,snow
661,Benjamin Constant,BR,-4.3831,-70.0311,77.13,98,100,2.1,overcast clouds
662,Huntsville,US,34.7304,-86.5861,39.13,85,1,7.0,clear sky
663,Faya,SA,18.3851,42.4509,53.71,90,34,3.24,scattered clouds
664,Bazarnyye Mataki,RU,54.8833,49.9333,25.34,95,100,16.87,light snow
665,Christchurch,NZ,-43.5333,172.6333,79.0,35,100,4.0,overcast clouds
666,Gjirokaster,AL,40.0758,20.1389,45.01,67,0,4.23,clear sky
667,Dunn,US,44.95,-91.8835,28.38,79,100,9.22,overcast clouds
668,Ibia,BR,-19.4783,-46.5389,68.92,97,4,4.92,clear sky
669,Great Falls,US,47.5002,-111.3008,14.67,87,90,1.01,light snow
670,Griffith,US,41.5284,-87.4237,33.03,82,1,1.01,clear sky
671,Petawawa,CA,45.9001,-77.3328,4.59,85,1,3.44,clear sky
672,Parkes,AU,-33.1333,148.1833,78.73,30,20,7.47,few clouds
673,Ust-Uda,RU,54.1742,103.0304,-16.62,97,9,3.38,clear sky
674,Ilhabela,BR,-23.7781,-45.3581,71.01,83,72,6.35,broken clouds
675,Agadez,NE,19.75,10.25,54.66,36,0,9.57,clear sky
676,Karratha,AU,-20.7377,116.8463,93.33,48,7,23.11,clear sky
677,Sharjah,AE,25.3573,55.4033,67.98,81,0,5.75,clear sky
678,Taunggyi,MM,20.7833,97.0333,59.0,68,0,0.87,clear sky
679,Moyale,KE,3.5167,39.0584,67.28,68,99,5.17,overcast clouds
680,Kasongo,CD,-4.45,26.6667,68.31,99,100,3.53,light rain
681,Westport,US,41.1415,-73.3579,32.99,66,1,4.0,clear sky
682,Sideropolis,BR,-28.5978,-49.4244,63.25,92,0,3.11,clear sky
683,Kasangulu,CD,-4.5911,15.1708,77.94,88,100,1.3,light rain
684,Acapulco,MX,16.8634,-99.8901,82.22,74,75,9.22,broken clouds
685,Chara,RU,56.9064,118.2631,-28.12,82,88,2.73,overcast clouds
686,Aasiaat,GL,68.7098,-52.8699,26.49,77,100,18.54,overcast clouds
687,Norilsk,RU,69.3535,88.2027,-32.21,95,67,2.28,broken clouds
688,Pulaski,US,34.7668,-92.3001,36.82,82,1,3.0,clear sky
689,Tartus,SY,34.889,35.8866,60.49,59,49,22.93,scattered clouds
690,Xiongzhou,CN,25.1167,114.3,53.06,46,100,2.04,overcast clouds
691,Puerto Leguizamo,CO,-0.1934,-74.7819,77.29,81,100,1.86,overcast clouds
692,Yumen,CN,40.2833,97.2,27.84,20,0,12.95,clear sky
693,Zaoyang,CN,32.1272,112.7542,51.08,35,85,2.42,overcast clouds
694,Sychevka,RU,55.8252,34.2736,18.3,92,100,13.15,overcast clouds
695,Zapolyarnyy,RU,69.4154,30.8136,24.08,80,100,11.72,light snow
